Version,500.0.2.3000,500.0.2.3001,500.0.2.3002,500.0.2.3003,500.0.2.3004,500.0.2.3005,500.0.2.3006,500.0.2.3007,500.0.2.3008,500.0.2.3009,500.0.2.3010,500.0.2.3011,500.0.2.3012,500.0.2.3013,500.0.2.3014,500.0.2.3015,500.0.2.3016,500.0.2.3017,500.0.2.3018,500.0.2.3019,500.0.2.3020,500.0.2.3021,500.0.2.3022,500.0.2.3023,500.0.2.3024,500.0.2.3025,500.0.2.3025.1,500.0.2.3026,500.0.2.3027,500.0.2.3028,500.0.2.3029,500.0.2.3029.1,500.0.2.3029.2,500.0.2.3030,500.0.2.3031,500.0.2.3031.1,500.0.2.3032,500.0.2.3033,500.0.2.3034,500.0.2.3035,500.0.2.3050,500.0.2.3051,500.0.2.3052,500.0.2.3060,500.0.2.3061,500.0.2.3070,500.0.2.3071,500.0.2.3072,500.0.2.3073,500.0.2.3074,500.0.2.3080,500.0.2.3081,500.0.2.3090,500.0.2.3091,500.0.2.3100,500.0.2.3101,500.0.2.3102,500.0.2.3110,500.0.2.3120,500.0.2.3121,500.0.2.3122,500.0.2.3123,500.0.2.3124,500.0.2.3125,500.0.2.3125.1,500.0.2.3126,500.0.2.3127,500.0.2.3128,500.0.2.3129,500.0.2.3130,500.0.2.3131,500.0.2.3132,500.0.2.3133,500.0.2.390,500.0.2.391,500.0.2.392,500.0.2.393,500.0.2.394,500.0.2.395,500.0.2.396,500.0.2.397,500.0.2.397.1,500.0.2.398,500.0.2.399,500.0.2.5000,500.0.2.5001,500.0.2.5010,500.0.2.5020,500.0.2.5021,500.0.2.5022,500.0.2.5023,500.0.2.5030,500.0.2.5040,500.0.2.5050,500.0.2.5060,500.0.2.5070,500.0.2.5080,500.0.2.5081,500.0.2.5082,500.0.2.5083,500.0.2.5090,500.0.2.5100,500.0.2.5110,500.0.2.5111,500.0.2.5112,500.0.2.5120,500.0.2.5130,500.0.2.5131,500.0.2.5140,500.0.2.5150,500.0.2.5160,500.0.2.5170,500.0.2.573,500.0.2.574,500.0.2.575,500.0.2.576,500.0.2.577,500.0.2.578,500.0.2.579,500.0.2.580,500.0.2.581,500.0.2.581.1,500.0.2.582,500.0.2.583,500.0.2.584,500.0.2.585,500.0.2.585.1,500.0.2.585.5,500.0.2.585.6,500.0.2.586,500.0.2.586.1,500.0.2.587,500.0.2.588,500.0.2.589,500.0.2.589.1,500.0.2.590,500.0.2.591,500.0.2.592,500.0.2.593,500.0.2.594,500.0.2.595,500.0.2.596,500.0.2.596.1,500.0.2.597,500.0.2.598,500.0.2.598.1,500.0.2.599,500.0.20,500.0.21,500.0.22,500.0.23,500.0.24,500.0.25,500.0.26,500.0.27,500.0.28,500.0.28.100,500.0.29,500.0.30,500.0.31,500.0.32,500.0.32.100,500.0.33,500.0.34,500.0.34.100,500.0.35,500.0.35.100,500.0.36,500.0.36.100,500.0.37,500.0.38,500.0.39,500.0.39.100,500.0.39.101,500.0.39.800,500.0.40,500.0.41,500.0.41.100,500.0.42,500.0.42.200,500.0.42.300,500.0.42.800,500.0.43,500.0.43.100,500.0.43.500,500.0.43.501,500.0.44,500.0.44.100,500.0.45,500.0.45.100,500.0.45.300,500.0.45.400,500.0.46,500.0.46.200,500.0.46.201,500.0.46.202,500.0.47,500.0.47.100,500.0.48.100,500.0.49,500.0.49.100,500.0.49.101,500.0.50,500.0.50.200,500.0.51,500.0.51.100,500.0.51.101,500.0.51.102,500.0.51.103,500.0.51.300,500.0.51.301,500.0.52,500.0.52.100,500.0.53,500.0.53.100,500.0.54,500.0.54.100,500.0.54.101,500.0.54.200,500.0.54.201,500.0.55,500.0.56,500.0.56.100,500.0.56.101,500.0.56.102,500.0.56.103,500.0.56.104,500.0.56.105,500.0.56.106,500.0.56.107,500.0.56.108,500.0.56.109,500.0.56.110,500.0.56.111,500.0.56.112,500.0.56.200,500.0.56.300,500.0.56.301,500.0.58.100,500.0.59.100,500.0.60,500.0.62,500.0.63,500.0.64,500.1.2,500.1.3,500.1.4,500.1.6,500.1.7,500.1.8,500.1.9
3.00.044,NG,NG,NG,NG,NG,NG,NG,NG,NG,NG,NG,NG,NG,NG,NG,NG,NG,NG,NG,NG,NG,NG,NG,NG,NG,NG,NG,NG,NG,NG,NG,NG,NG,NG,NG,NG,NG,NG,NG,NG,NG,NG,NG,NG,NG,NG,NG,NG,NG,NG,NG,NG,NG,NG,NG,NG,NG,NG,NG,NG,NG,NG,NG,NG,NG,NG,NG,NG,NG,NG,NG,NG,NG,NG,NG,NG,NG,NG,NG,NG,NG,NG,NG,NG,NG,NG,NG,NG,NG,NG,NG,NG,NG,NG,NG,NG,NG,NG,NG,NG,NG,NG,NG,NG,NG,NG,NG,NG,NG,NG,NG,NG,NG,NG,NG,NG,NG,NG,NG,NG,NG,NG,NG,NG,NG,NG,NG,NG,NG,NG,NG,NG,NG,NG,NG,NG,NG,NG,NG,NG,NG,NG,NG,NG,NG,NG,NG,NG,NG,NG,NG,NG,NG,NG,NG,NG,NG,NG,NG,NG,NG,NG,NG,NG,NG,NG,NG,NG,NG,NG,NG,NG,NG,NG,NG,NG,NG,NG,NG,NG,NG,NG,NG,NG,NG,NG,NG,NG,NG,NG,NG,NG,NG,NG,NG,NG,NG,NG,NG,NG,NG,NG,NG,NG,NG,NG,NG,NG,NG,NG,NG,NG,NG,NG,NG,NG,NG,NG,NG,NG,NG,NG,NG,NG,NG,NG,NG,NG,NG,NG,NG,NG,NG,NG,NG,NG,NG,NG,NG,NG,NG,NG,NG,NG,NG,NG,NG,NG,NG,NG,NG
3.00.079,NG,NG,NG,NG,NG,NG,NG,NG,NG,NG,NG,NG,NG,NG,NG,NG,NG,NG,NG,NG,NG,NG,NG,NG,NG,NG,NG,NG,NG,NG,NG,NG,NG,NG,NG,NG,NG,NG,NG,NG,NG,NG,NG,NG,NG,NG,NG,NG,NG,NG,NG,NG,NG,NG,NG,NG,NG,NG,NG,NG,NG,NG,NG,NG,NG,NG,NG,NG,NG,NG,NG,NG,NG,NG,NG,NG,NG,NG,NG,NG,NG,NG,NG,NG,NG,NG,NG,NG,NG,NG,NG,NG,NG,NG,NG,NG,NG,NG,NG,NG,NG,NG,NG,NG,NG,NG,NG,NG,NG,NG,NG,NG,NG,NG,NG,NG,NG,NG,NG,NG,NG,NG,NG,NG,NG,NG,NG,NG,NG,NG,NG,NG,NG,NG,NG,NG,NG,NG,NG,NG,NG,NG,NG,NG,NG,NG,NG,NG,NG,NG,NG,NG,NG,NG,NG,NG,NG,NG,NG,NG,NG,NG,NG,NG,NG,NG,NG,NG,NG,NG,NG,NG,NG,NG,NG,NG,NG,NG,NG,NG,NG,NG,NG,NG,NG,NG,NG,NG,NG,NG,NG,NG,NG,NG,NG,NG,NG,NG,NG,NG,NG,NG,NG,NG,NG,NG,NG,NG,NG,NG,NG,NG,NG,NG,NG,NG,NG,NG,NG,NG,NG,NG,NG,NG,NG,NG,NG,NG,NG,NG,NG,NG,NG,NG,NG,NG,NG,NG,NG,NG,NG,NG,NG,NG,NG,NG,NG,NG,NG,NG,NG
3.00.080,NG,NG,NG,NG,NG,NG,NG,NG,NG,NG,NG,NG,NG,NG,NG,NG,NG,NG,NG,NG,NG,NG,NG,NG,NG,NG,NG,NG,NG,NG,NG,NG,NG,NG,NG,NG,NG,NG,NG,NG,NG,NG,NG,NG,NG,NG,NG,NG,NG,NG,NG,NG,NG,NG,NG,NG,NG,NG,NG,NG,NG,NG,NG,NG,NG,NG,NG,NG,NG,NG,NG,NG,NG,NG,NG,NG,NG,NG,NG,NG,NG,NG,NG,NG,NG,NG,NG,NG,NG,NG,NG,NG,NG,NG,NG,NG,NG,NG,NG,NG,NG,NG,NG,NG,NG,NG,NG,NG,NG,NG,NG,NG,NG,NG,NG,NG,NG,NG,NG,NG,NG,NG,NG,NG,NG,NG,NG,NG,NG,NG,NG,NG,NG,NG,NG,NG,NG,NG,NG,NG,NG,NG,NG,NG,NG,NG,NG,NG,NG,NG,NG,NG,NG,NG,NG,NG,NG,NG,NG,NG,NG,NG,NG,NG,NG,NG,NG,NG,NG,NG,NG,NG,NG,NG,NG,NG,NG,NG,NG,NG,NG,NG,NG,NG,NG,NG,NG,NG,NG,NG,NG,NG,NG,NG,NG,NG,NG,NG,NG,NG,NG,NG,NG,NG,NG,NG,NG,NG,NG,NG,NG,NG,NG,NG,NG,NG,NG,NG,NG,NG,NG,NG,NG,NG,NG,NG,NG,NG,NG,NG,NG,NG,NG,NG,NG,NG,NG,NG,NG,NG,NG,NG,NG,NG,NG,NG,NG,NG,NG,NG,NG
3.00.081,NG,NG,NG,NG,NG,NG,NG,NG,NG,NG,NG,NG,NG,NG,NG,NG,NG,NG,NG,NG,NG,NG,NG,NG,NG,NG,NG,NG,NG,NG,NG,NG,NG,NG,NG,NG,NG,NG,NG,NG,NG,NG,NG,NG,NG,NG,NG,NG,NG,NG,NG,NG,NG,NG,NG,NG,NG,NG,NG,NG,NG,NG,NG,NG,NG,NG,NG,NG,NG,NG,NG,NG,NG,NG,NG,NG,NG,NG,NG,NG,NG,NG,NG,NG,NG,NG,NG,NG,NG,NG,NG,NG,NG,NG,NG,NG,NG,NG,NG,NG,NG,NG,NG,NG,NG,NG,NG,NG,NG,NG,NG,NG,NG,NG,NG,NG,NG,NG,NG,NG,NG,NG,NG,NG,NG,NG,NG,NG,NG,NG,NG,NG,NG,NG,NG,NG,NG,NG,NG,NG,NG,NG,NG,NG,NG,NG,NG,NG,NG,NG,NG,NG,NG,NG,NG,NG,NG,NG,NG,NG,NG,NG,NG,NG,NG,NG,NG,NG,NG,NG,NG,NG,NG,NG,NG,NG,NG,NG,NG,NG,NG,NG,NG,NG,NG,NG,NG,NG,NG,NG,NG,NG,NG,NG,NG,NG,NG,NG,NG,NG,NG,NG,NG,NG,NG,NG,NG,NG,NG,NG,NG,NG,NG,NG,NG,NG,NG,NG,NG,NG,NG,NG,NG,NG,NG,NG,NG,NG,NG,NG,NG,NG,NG,NG,NG,NG,NG,NG,NG,NG,NG,NG,NG,NG,NG,NG,NG,NG,NG,NG,NG
3.00.082,NG,NG,NG,NG,NG,NG,NG,NG,NG,NG,NG,NG,NG,NG,NG,NG,NG,NG,NG,NG,NG,NG,NG,NG,NG,NG,NG,NG,NG,NG,NG,NG,NG,NG,NG,NG,NG,NG,NG,NG,NG,NG,NG,NG,NG,NG,NG,NG,NG,NG,NG,NG,NG,NG,NG,NG,NG,NG,NG,NG,NG,NG,NG,NG,NG,NG,NG,NG,NG,NG,NG,NG,NG,NG,NG,NG,NG,NG,NG,NG,NG,NG,NG,NG,NG,NG,NG,NG,NG,NG,NG,NG,NG,NG,NG,NG,NG,NG,NG,NG,NG,NG,NG,NG,NG,NG,NG,NG,NG,NG,NG,NG,NG,NG,NG,NG,NG,NG,NG,NG,NG,NG,NG,NG,NG,NG,NG,NG,NG,NG,NG,NG,NG,NG,NG,NG,NG,NG,NG,NG,NG,NG,NG,NG,NG,NG,NG,NG,NG,NG,NG,NG,NG,NG,NG,NG,NG,NG,NG,NG,NG,NG,NG,NG,NG,NG,NG,NG,NG,NG,NG,NG,NG,NG,NG,NG,NG,NG,NG,NG,NG,NG,NG,NG,NG,NG,NG,NG,NG,NG,NG,NG,NG,NG,NG,NG,NG,NG,NG,NG,NG,NG,NG,NG,NG,NG,NG,NG,NG,NG,NG,NG,NG,NG,NG,NG,NG,NG,NG,NG,NG,NG,NG,NG,NG,NG,NG,NG,NG,NG,NG,NG,NG,NG,NG,NG,NG,NG,NG,NG,NG,NG,NG,NG,NG,NG,NG,NG,NG,NG,NG
3.00.083,NG,NG,NG,NG,NG,NG,NG,NG,NG,NG,NG,NG,NG,NG,NG,NG,NG,NG,NG,NG,NG,NG,NG,NG,NG,NG,NG,NG,NG,NG,NG,NG,NG,NG,NG,NG,NG,NG,NG,NG,NG,NG,NG,NG,NG,NG,NG,NG,NG,NG,NG,NG,NG,NG,NG,NG,NG,NG,NG,NG,NG,NG,NG,NG,NG,NG,NG,NG,NG,NG,NG,NG,NG,NG,NG,NG,NG,NG,NG,NG,NG,NG,NG,NG,NG,NG,NG,NG,NG,NG,NG,NG,NG,NG,NG,NG,NG,NG,NG,NG,NG,NG,NG,NG,NG,NG,NG,NG,NG,NG,NG,NG,NG,NG,NG,NG,NG,NG,NG,NG,NG,NG,NG,NG,NG,NG,NG,NG,NG,NG,NG,NG,NG,NG,NG,NG,NG,NG,NG,NG,NG,NG,NG,NG,NG,NG,NG,NG,NG,NG,NG,NG,NG,NG,NG,NG,NG,NG,NG,NG,NG,NG,NG,NG,NG,NG,NG,NG,NG,NG,NG,NG,NG,NG,NG,NG,NG,NG,NG,NG,NG,NG,NG,NG,NG,NG,NG,NG,NG,NG,NG,NG,NG,NG,NG,NG,NG,NG,NG,NG,NG,NG,NG,NG,NG,NG,NG,NG,NG,NG,NG,NG,NG,NG,NG,NG,NG,NG,NG,NG,NG,NG,NG,NG,NG,NG,NG,NG,NG,NG,NG,NG,NG,NG,NG,NG,NG,NG,NG,NG,NG,NG,NG,NG,NG,NG,NG,NG,NG,NG,NG
3.00.084,NG,NG,NG,NG,NG,NG,NG,NG,NG,NG,NG,NG,NG,NG,NG,NG,NG,NG,NG,NG,NG,NG,NG,NG,NG,NG,NG,NG,NG,NG,NG,NG,NG,NG,NG,NG,NG,NG,NG,NG,NG,NG,NG,NG,NG,NG,NG,NG,NG,NG,NG,NG,NG,NG,NG,NG,NG,NG,NG,NG,NG,NG,NG,NG,NG,NG,NG,NG,NG,NG,NG,NG,NG,NG,NG,NG,NG,NG,NG,NG,NG,NG,NG,NG,NG,NG,NG,NG,NG,NG,NG,NG,NG,NG,NG,NG,NG,NG,NG,NG,NG,NG,NG,NG,NG,NG,NG,NG,NG,NG,NG,NG,NG,NG,NG,NG,NG,NG,NG,NG,NG,NG,NG,NG,NG,NG,NG,NG,NG,NG,NG,NG,NG,NG,NG,NG,NG,NG,NG,NG,NG,NG,NG,NG,NG,NG,NG,NG,NG,NG,NG,NG,NG,NG,NG,NG,NG,NG,NG,NG,NG,NG,NG,NG,NG,NG,NG,NG,NG,NG,NG,NG,NG,NG,NG,NG,NG,NG,NG,NG,NG,NG,NG,NG,NG,NG,NG,NG,NG,NG,NG,NG,NG,NG,NG,NG,NG,NG,NG,NG,NG,NG,NG,NG,NG,NG,NG,NG,NG,NG,NG,NG,NG,NG,NG,NG,NG,NG,NG,NG,NG,NG,NG,NG,NG,NG,NG,NG,NG,NG,NG,NG,NG,NG,NG,NG,NG,NG,NG,NG,NG,NG,NG,NG,NG,NG,NG,NG,NG,NG,NG
3.00.085,NG,NG,NG,NG,NG,NG,NG,NG,NG,NG,NG,NG,NG,NG,NG,NG,NG,NG,NG,NG,NG,NG,NG,NG,NG,NG,NG,NG,NG,NG,NG,NG,NG,NG,NG,NG,NG,NG,NG,NG,NG,NG,NG,NG,NG,NG,NG,NG,NG,NG,NG,NG,NG,NG,NG,NG,NG,NG,NG,NG,NG,NG,NG,NG,NG,NG,NG,NG,NG,NG,NG,NG,NG,NG,NG,NG,NG,NG,NG,NG,NG,NG,NG,NG,NG,NG,NG,NG,NG,NG,NG,NG,NG,NG,NG,NG,NG,NG,NG,NG,NG,NG,NG,NG,NG,NG,NG,NG,NG,NG,NG,NG,NG,NG,NG,NG,NG,NG,NG,NG,NG,NG,NG,NG,NG,NG,NG,NG,NG,NG,NG,NG,NG,NG,NG,NG,NG,NG,NG,NG,NG,NG,NG,NG,NG,NG,NG,NG,NG,NG,NG,NG,NG,NG,NG,NG,NG,NG,NG,NG,NG,NG,NG,NG,NG,NG,NG,NG,NG,NG,NG,NG,NG,NG,NG,NG,NG,NG,NG,NG,NG,NG,NG,NG,NG,NG,NG,NG,NG,NG,NG,NG,NG,NG,NG,NG,NG,NG,NG,NG,NG,NG,NG,NG,NG,NG,NG,NG,NG,NG,NG,NG,NG,NG,NG,NG,NG,NG,NG,NG,NG,NG,NG,NG,NG,NG,NG,NG,NG,NG,NG,NG,NG,NG,NG,NG,NG,NG,NG,NG,NG,NG,NG,NG,NG,NG,NG,NG,NG,NG,NG
3.00.086,NG,NG,NG,NG,NG,NG,NG,NG,NG,NG,NG,NG,NG,NG,NG,NG,NG,NG,NG,NG,NG,NG,NG,NG,NG,NG,NG,NG,NG,NG,NG,NG,NG,NG,NG,NG,NG,NG,NG,NG,NG,NG,NG,NG,NG,NG,NG,NG,NG,NG,NG,NG,NG,NG,NG,NG,NG,NG,NG,NG,NG,NG,NG,NG,NG,NG,NG,NG,NG,NG,NG,NG,NG,NG,NG,NG,NG,NG,NG,NG,NG,NG,NG,NG,NG,NG,NG,NG,NG,NG,NG,NG,NG,NG,NG,NG,NG,NG,NG,NG,NG,NG,NG,NG,NG,NG,NG,NG,NG,NG,NG,NG,NG,NG,NG,NG,NG,NG,NG,NG,NG,NG,NG,NG,NG,NG,NG,NG,NG,NG,NG,NG,NG,NG,NG,NG,NG,NG,NG,NG,NG,NG,NG,NG,NG,NG,NG,NG,NG,NG,NG,NG,NG,NG,NG,NG,NG,NG,NG,NG,NG,NG,NG,NG,NG,NG,NG,NG,NG,NG,NG,NG,NG,NG,NG,NG,NG,NG,NG,NG,NG,NG,NG,NG,NG,NG,NG,NG,NG,NG,NG,NG,NG,NG,NG,NG,NG,NG,NG,NG,NG,NG,NG,NG,NG,NG,NG,NG,NG,NG,NG,NG,NG,NG,NG,NG,NG,NG,NG,NG,NG,NG,NG,NG,NG,NG,NG,NG,NG,NG,NG,NG,NG,NG,NG,NG,NG,NG,NG,NG,NG,NG,NG,NG,NG,NG,NG,NG,NG,NG,NG
3.00.087,NG,NG,NG,NG,NG,NG,NG,NG,NG,NG,NG,NG,NG,NG,NG,NG,NG,NG,NG,NG,NG,NG,NG,NG,NG,NG,NG,NG,NG,NG,NG,NG,NG,NG,NG,NG,NG,NG,NG,NG,NG,NG,NG,NG,NG,NG,NG,NG,NG,NG,NG,NG,NG,NG,NG,NG,NG,NG,NG,NG,NG,NG,NG,NG,NG,NG,NG,NG,NG,NG,NG,NG,NG,NG,NG,NG,NG,NG,NG,NG,NG,NG,NG,NG,NG,NG,NG,NG,NG,NG,NG,NG,NG,NG,NG,NG,NG,NG,NG,NG,NG,NG,NG,NG,NG,NG,NG,NG,NG,NG,NG,NG,NG,NG,NG,NG,NG,NG,NG,NG,NG,NG,NG,NG,NG,NG,NG,NG,NG,NG,NG,NG,NG,NG,NG,NG,NG,NG,NG,NG,NG,NG,NG,NG,NG,NG,NG,NG,NG,NG,NG,NG,NG,NG,NG,NG,NG,NG,NG,NG,NG,NG,NG,NG,NG,NG,NG,NG,NG,NG,NG,NG,NG,NG,NG,NG,NG,NG,NG,NG,NG,NG,NG,NG,NG,NG,NG,NG,NG,NG,NG,NG,NG,NG,NG,NG,NG,NG,NG,NG,NG,NG,NG,NG,NG,NG,NG,NG,NG,NG,NG,NG,NG,NG,NG,NG,NG,NG,NG,NG,NG,NG,NG,NG,NG,NG,NG,NG,NG,NG,NG,NG,NG,NG,NG,NG,NG,NG,NG,NG,NG,NG,NG,NG,NG,NG,NG,NG,NG,NG,NG
3.00.088,NG,NG,NG,NG,NG,NG,NG,NG,NG,NG,NG,NG,NG,NG,NG,NG,NG,NG,NG,NG,NG,NG,NG,NG,NG,NG,NG,NG,NG,NG,NG,NG,NG,NG,NG,NG,NG,NG,NG,NG,NG,NG,NG,NG,NG,NG,NG,NG,NG,NG,NG,NG,NG,NG,NG,NG,NG,NG,NG,NG,NG,NG,NG,NG,NG,NG,NG,NG,NG,NG,NG,NG,NG,NG,NG,NG,NG,NG,NG,NG,NG,NG,NG,NG,NG,NG,NG,NG,NG,NG,NG,NG,NG,NG,NG,NG,NG,NG,NG,NG,NG,NG,NG,NG,NG,NG,NG,NG,NG,NG,NG,NG,NG,NG,NG,NG,NG,NG,NG,NG,NG,NG,NG,NG,NG,NG,NG,NG,NG,NG,NG,NG,NG,NG,NG,NG,NG,NG,NG,NG,NG,NG,NG,NG,NG,NG,NG,NG,NG,NG,NG,NG,NG,NG,NG,NG,NG,NG,NG,NG,NG,NG,NG,NG,NG,NG,NG,NG,NG,NG,NG,NG,NG,NG,NG,NG,NG,NG,NG,NG,NG,NG,NG,NG,NG,NG,NG,NG,NG,NG,NG,NG,NG,NG,NG,NG,NG,NG,NG,NG,NG,NG,NG,NG,NG,NG,NG,NG,NG,NG,NG,NG,NG,NG,NG,NG,NG,NG,NG,NG,NG,NG,NG,NG,NG,NG,NG,NG,NG,NG,NG,NG,NG,NG,NG,NG,NG,NG,NG,NG,NG,NG,NG,NG,NG,NG,NG,NG,NG,NG,NG
3.00.089,NG,NG,NG,NG,NG,NG,NG,NG,NG,NG,NG,NG,NG,NG,NG,NG,NG,NG,NG,NG,NG,NG,NG,NG,NG,NG,NG,NG,NG,NG,NG,NG,NG,NG,NG,NG,NG,NG,NG,NG,NG,NG,NG,NG,NG,NG,NG,NG,NG,NG,NG,NG,NG,NG,NG,NG,NG,NG,NG,NG,NG,NG,NG,NG,NG,NG,NG,NG,NG,NG,NG,NG,NG,NG,NG,NG,NG,NG,NG,NG,NG,NG,NG,NG,NG,NG,NG,NG,NG,NG,NG,NG,NG,NG,NG,NG,NG,NG,NG,NG,NG,NG,NG,NG,NG,NG,NG,NG,NG,NG,NG,NG,NG,NG,NG,NG,NG,NG,NG,NG,NG,NG,NG,NG,NG,NG,NG,NG,NG,NG,NG,NG,NG,NG,NG,NG,NG,NG,NG,NG,NG,NG,NG,NG,NG,NG,NG,OK,NG,NG,NG,NG,NG,NG,NG,NG,NG,NG,NG,NG,NG,NG,NG,NG,NG,NG,NG,NG,NG,NG,NG,NG,NG,NG,NG,NG,NG,NG,NG,NG,NG,NG,NG,NG,NG,NG,NG,NG,NG,NG,NG,NG,NG,NG,NG,NG,NG,NG,NG,NG,NG,NG,NG,NG,NG,NG,NG,NG,NG,NG,NG,NG,NG,NG,NG,NG,NG,NG,NG,NG,NG,NG,NG,NG,NG,NG,NG,NG,NG,NG,NG,NG,NG,NG,NG,NG,NG,NG,NG,NG,NG,NG,NG,NG,NG,NG,NG,NG,NG,NG,NG
3.00.090,NG,NG,NG,NG,NG,NG,NG,NG,NG,NG,NG,NG,NG,NG,NG,NG,NG,NG,NG,NG,NG,NG,NG,NG,NG,NG,NG,NG,NG,NG,NG,NG,NG,NG,NG,NG,NG,NG,NG,NG,NG,NG,NG,NG,NG,NG,NG,NG,NG,NG,NG,NG,NG,NG,NG,NG,NG,NG,NG,NG,NG,NG,NG,NG,NG,NG,NG,NG,NG,NG,NG,NG,NG,NG,NG,NG,NG,NG,NG,NG,NG,NG,NG,NG,NG,NG,NG,NG,NG,NG,NG,NG,NG,NG,NG,NG,NG,NG,NG,NG,NG,NG,NG,NG,NG,NG,NG,NG,NG,NG,NG,NG,NG,NG,NG,NG,NG,NG,NG,NG,NG,NG,NG,NG,NG,NG,NG,NG,NG,NG,NG,NG,NG,NG,NG,NG,NG,NG,NG,NG,NG,NG,NG,NG,NG,NG,NG,OK,OK,OK,OK,OK,OK,NG,NG,NG,NG,NG,NG,NG,NG,NG,NG,NG,NG,NG,NG,NG,NG,NG,NG,NG,NG,NG,NG,NG,NG,NG,NG,NG,NG,NG,NG,NG,NG,NG,NG,NG,NG,NG,NG,NG,NG,NG,NG,NG,NG,NG,NG,NG,NG,NG,NG,NG,NG,NG,NG,NG,NG,NG,NG,NG,NG,NG,NG,NG,NG,NG,NG,NG,NG,NG,NG,NG,NG,NG,NG,NG,NG,NG,NG,NG,NG,NG,NG,NG,NG,NG,NG,NG,NG,NG,NG,NG,NG,NG,NG,NG,NG,NG,NG
3.00.091,NG,NG,NG,NG,NG,NG,NG,NG,NG,NG,NG,NG,NG,NG,NG,NG,NG,NG,NG,NG,NG,NG,NG,NG,NG,NG,NG,NG,NG,NG,NG,NG,NG,NG,NG,NG,NG,NG,NG,NG,NG,NG,NG,NG,NG,NG,NG,NG,NG,NG,NG,NG,NG,NG,NG,NG,NG,NG,NG,NG,NG,NG,NG,NG,NG,NG,NG,NG,NG,NG,NG,NG,NG,NG,NG,NG,NG,NG,NG,NG,NG,NG,NG,NG,NG,NG,NG,NG,NG,NG,NG,NG,NG,NG,NG,NG,NG,NG,NG,NG,NG,NG,NG,NG,NG,NG,NG,NG,NG,NG,NG,NG,OK,OK,OK,OK,OK,OK,NG,NG,NG,NG,NG,NG,NG,NG,NG,NG,NG,NG,NG,NG,NG,NG,NG,NG,NG,NG,NG,NG,NG,NG,NG,NG,NG,NG,NG,OK,OK,OK,OK,OK,OK,NG,NG,NG,NG,NG,NG,NG,NG,NG,NG,NG,NG,NG,NG,NG,NG,NG,NG,NG,NG,NG,NG,NG,NG,NG,NG,NG,NG,NG,NG,NG,NG,NG,NG,NG,NG,NG,NG,NG,NG,NG,NG,NG,NG,NG,NG,NG,NG,NG,NG,NG,NG,NG,NG,NG,NG,NG,NG,NG,NG,NG,NG,NG,NG,NG,NG,NG,NG,NG,NG,NG,NG,NG,NG,NG,NG,NG,NG,NG,NG,NG,NG,NG,NG,NG,NG,NG,NG,NG,NG,NG,NG,NG,NG,NG,NG,NG,NG
3.00.092,NG,NG,NG,NG,NG,NG,NG,NG,NG,NG,NG,NG,NG,NG,NG,NG,NG,NG,NG,NG,NG,NG,NG,NG,NG,NG,NG,NG,NG,NG,NG,NG,NG,NG,NG,NG,NG,NG,NG,NG,NG,NG,NG,NG,NG,NG,NG,NG,NG,NG,NG,NG,NG,NG,NG,NG,NG,NG,NG,NG,NG,NG,NG,NG,NG,NG,NG,NG,NG,NG,NG,NG,NG,NG,NG,NG,NG,NG,NG,NG,NG,NG,NG,NG,NG,NG,NG,NG,NG,NG,NG,NG,NG,NG,NG,NG,NG,NG,NG,NG,NG,NG,NG,NG,NG,NG,NG,NG,NG,NG,NG,NG,OK,OK,OK,OK,OK,OK,NG,NG,NG,NG,NG,NG,NG,NG,NG,NG,NG,NG,NG,NG,NG,NG,NG,NG,NG,NG,NG,NG,NG,NG,NG,NG,NG,NG,NG,OK,OK,OK,OK,OK,OK,NG,NG,NG,NG,NG,NG,NG,NG,NG,NG,NG,NG,NG,NG,NG,NG,NG,NG,NG,NG,NG,NG,NG,NG,NG,NG,NG,NG,NG,NG,NG,NG,NG,NG,NG,NG,NG,NG,NG,NG,NG,NG,NG,NG,NG,NG,NG,NG,NG,NG,NG,NG,NG,NG,NG,NG,NG,NG,NG,NG,NG,NG,NG,NG,NG,NG,NG,NG,NG,NG,NG,NG,NG,NG,NG,NG,NG,NG,NG,NG,NG,NG,NG,NG,NG,NG,NG,NG,NG,NG,NG,NG,NG,NG,NG,NG,NG,NG
3.00.093,NG,NG,NG,NG,NG,NG,NG,NG,NG,NG,NG,NG,NG,NG,NG,NG,NG,NG,NG,NG,NG,NG,NG,NG,NG,NG,NG,NG,NG,NG,NG,NG,NG,NG,NG,NG,NG,NG,NG,NG,NG,NG,NG,NG,NG,NG,NG,NG,NG,NG,NG,NG,NG,NG,NG,NG,NG,NG,NG,NG,NG,NG,NG,NG,NG,NG,NG,NG,NG,NG,NG,NG,NG,NG,NG,NG,NG,NG,NG,NG,NG,NG,NG,NG,NG,NG,NG,NG,NG,NG,NG,NG,NG,NG,NG,NG,NG,NG,NG,NG,NG,NG,NG,NG,NG,NG,NG,NG,NG,NG,NG,NG,OK,OK,OK,OK,OK,OK,NG,NG,NG,NG,NG,NG,NG,NG,NG,NG,NG,NG,NG,NG,NG,NG,NG,NG,NG,NG,NG,NG,NG,NG,NG,NG,NG,NG,NG,OK,OK,OK,OK,OK,OK,NG,NG,NG,NG,NG,NG,NG,NG,NG,NG,NG,NG,NG,NG,NG,NG,NG,NG,NG,NG,NG,NG,NG,NG,NG,NG,NG,NG,NG,NG,NG,NG,NG,NG,NG,NG,NG,NG,NG,NG,NG,NG,NG,NG,NG,NG,NG,NG,NG,NG,NG,NG,NG,NG,NG,NG,NG,NG,NG,NG,NG,NG,NG,NG,NG,NG,NG,NG,NG,NG,NG,NG,NG,NG,NG,NG,NG,NG,NG,NG,NG,NG,NG,NG,NG,NG,NG,NG,NG,NG,NG,NG,NG,NG,NG,NG,NG,NG
3.00.094,NG,NG,NG,NG,NG,NG,NG,NG,NG,NG,NG,NG,NG,NG,NG,NG,NG,NG,NG,NG,NG,NG,NG,NG,NG,NG,NG,NG,NG,NG,NG,NG,NG,NG,NG,NG,NG,NG,NG,NG,NG,NG,NG,NG,NG,NG,NG,NG,NG,NG,NG,NG,NG,NG,NG,NG,NG,NG,NG,NG,NG,NG,NG,NG,NG,NG,NG,NG,NG,NG,NG,NG,NG,OK,OK,OK,OK,OK,NG,NG,NG,NG,NG,NG,NG,NG,NG,NG,NG,NG,NG,NG,NG,NG,NG,NG,NG,NG,NG,NG,NG,NG,NG,NG,NG,NG,NG,NG,NG,NG,NG,NG,OK,OK,OK,OK,OK,OK,OK,OK,,,,NG,NG,NG,NG,NG,NG,NG,NG,NG,NG,NG,NG,NG,NG,NG,NG,NG,NG,NG,NG,NG,NG,NG,NG,OK,OK,OK,OK,OK,OK,OK,OK,NG,NG,NG,NG,NG,NG,NG,NG,NG,NG,NG,NG,NG,NG,NG,NG,NG,NG,NG,NG,NG,NG,NG,NG,NG,NG,NG,NG,NG,NG,NG,NG,NG,NG,NG,NG,NG,NG,NG,NG,NG,NG,NG,NG,NG,NG,NG,NG,NG,NG,NG,NG,NG,NG,NG,NG,NG,NG,NG,NG,NG,NG,NG,NG,NG,NG,NG,NG,NG,NG,NG,NG,NG,NG,NG,NG,NG,NG,NG,NG,NG,NG,NG,NG,NG,NG,NG,NG,NG,NG,NG,NG,NG,NG,NG,NG
3.00.095,NG,NG,NG,NG,NG,NG,NG,NG,NG,NG,NG,NG,NG,NG,NG,NG,NG,NG,NG,NG,NG,NG,NG,NG,NG,NG,NG,NG,NG,NG,NG,NG,NG,NG,NG,NG,NG,NG,NG,NG,NG,NG,NG,NG,NG,NG,NG,NG,NG,NG,NG,NG,NG,NG,NG,NG,NG,NG,NG,NG,NG,NG,NG,NG,NG,NG,NG,NG,NG,NG,NG,NG,NG,OK,OK,OK,OK,OK,NG,NG,NG,NG,NG,NG,NG,NG,NG,NG,NG,NG,NG,NG,NG,NG,NG,NG,NG,NG,NG,NG,NG,NG,NG,NG,NG,NG,NG,NG,NG,NG,NG,NG,OK,OK,OK,OK,OK,OK,OK,OK,,,,NG,NG,NG,NG,NG,NG,NG,NG,NG,NG,NG,NG,NG,NG,NG,NG,NG,NG,NG,NG,NG,NG,NG,NG,OK,OK,OK,OK,OK,OK,OK,OK,NG,NG,NG,NG,NG,NG,NG,NG,NG,NG,NG,NG,NG,NG,NG,NG,NG,NG,NG,NG,NG,NG,NG,NG,NG,NG,NG,NG,NG,NG,NG,NG,NG,NG,NG,NG,NG,NG,NG,NG,NG,NG,NG,NG,NG,NG,NG,NG,NG,NG,NG,NG,NG,NG,NG,NG,NG,NG,NG,NG,NG,NG,NG,NG,NG,NG,NG,NG,NG,NG,NG,NG,NG,NG,NG,NG,NG,NG,NG,NG,NG,NG,NG,NG,NG,NG,NG,NG,NG,NG,NG,NG,NG,NG,NG,NG
3.00.096,NG,NG,NG,NG,NG,NG,NG,NG,NG,NG,NG,NG,NG,NG,NG,NG,NG,NG,NG,NG,NG,NG,NG,NG,NG,NG,NG,NG,NG,NG,NG,NG,NG,NG,NG,NG,NG,NG,NG,NG,NG,NG,NG,NG,NG,NG,NG,NG,NG,NG,NG,NG,NG,NG,NG,NG,NG,NG,NG,NG,NG,NG,NG,NG,NG,NG,NG,NG,NG,NG,NG,NG,NG,OK,OK,OK,OK,OK,NG,NG,NG,NG,NG,NG,NG,NG,NG,NG,NG,NG,NG,NG,NG,NG,NG,NG,NG,NG,NG,NG,NG,NG,NG,NG,NG,NG,NG,NG,NG,NG,NG,NG,OK,OK,OK,OK,OK,OK,OK,OK,,,,NG,NG,NG,NG,NG,NG,NG,NG,NG,NG,NG,NG,NG,NG,NG,NG,NG,NG,NG,NG,NG,NG,NG,NG,OK,OK,OK,OK,OK,OK,OK,OK,NG,NG,NG,NG,NG,NG,NG,NG,NG,NG,NG,NG,NG,NG,NG,NG,NG,NG,NG,NG,NG,NG,NG,NG,NG,NG,NG,NG,NG,NG,NG,NG,NG,NG,NG,NG,NG,NG,NG,NG,NG,NG,NG,NG,NG,NG,NG,NG,NG,NG,NG,NG,NG,NG,NG,NG,NG,NG,NG,NG,NG,NG,NG,NG,NG,NG,NG,NG,NG,NG,NG,NG,NG,NG,NG,NG,NG,NG,NG,NG,NG,NG,NG,NG,NG,NG,NG,NG,NG,NG,NG,NG,NG,NG,NG,NG
3.00.097,NG,NG,NG,NG,NG,NG,NG,NG,NG,NG,NG,NG,NG,NG,NG,NG,NG,NG,NG,NG,NG,NG,NG,NG,NG,NG,NG,NG,NG,NG,NG,NG,NG,NG,NG,NG,NG,NG,NG,NG,NG,NG,NG,NG,NG,NG,NG,NG,NG,NG,NG,NG,NG,NG,NG,NG,NG,NG,NG,NG,NG,NG,NG,NG,NG,NG,NG,NG,NG,NG,NG,NG,NG,OK,OK,OK,OK,OK,OK,OK,OK,OK,NG,NG,NG,NG,NG,NG,NG,NG,NG,NG,NG,NG,NG,NG,NG,NG,NG,NG,NG,NG,NG,NG,NG,NG,NG,NG,NG,NG,NG,NG,OK,OK,OK,OK,OK,OK,OK,OK,,,,NG,NG,NG,NG,NG,NG,NG,NG,NG,NG,NG,NG,NG,NG,NG,NG,NG,NG,NG,NG,NG,NG,NG,NG,OK,OK,OK,OK,OK,OK,OK,OK,OK,OK,OK,OK,OK,OK,OK,NG,NG,NG,NG,NG,NG,NG,NG,NG,NG,NG,NG,NG,NG,NG,NG,NG,NG,NG,NG,NG,NG,NG,NG,NG,NG,NG,NG,NG,NG,NG,NG,NG,NG,NG,NG,NG,NG,NG,NG,NG,NG,NG,NG,NG,NG,NG,NG,NG,NG,NG,NG,NG,NG,NG,NG,NG,NG,NG,NG,NG,NG,NG,NG,NG,NG,NG,NG,NG,NG,NG,NG,NG,NG,NG,NG,NG,NG,NG,NG,NG,NG,NG,NG,NG,NG,NG,NG,NG
3.00.098,OK,OK,OK,OK,OK,OK,NG,NG,NG,NG,NG,NG,NG,NG,NG,NG,NG,NG,NG,NG,NG,NG,NG,NG,NG,NG,NG,NG,NG,NG,NG,NG,NG,NG,NG,NG,NG,NG,NG,NG,NG,NG,NG,NG,NG,NG,NG,NG,NG,NG,NG,NG,NG,NG,NG,NG,NG,NG,NG,NG,NG,NG,NG,NG,NG,NG,NG,NG,NG,NG,NG,NG,NG,OK,OK,OK,OK,OK,OK,OK,OK,OK,OK,OK,NG,NG,NG,NG,NG,NG,NG,NG,NG,NG,NG,NG,NG,NG,NG,NG,NG,NG,NG,NG,NG,NG,NG,NG,NG,NG,NG,NG,OK,OK,OK,OK,OK,OK,OK,OK,OK,OK,OK,NG,NG,NG,NG,NG,NG,NG,NG,NG,NG,NG,NG,NG,NG,NG,NG,NG,NG,NG,NG,NG,NG,NG,NG,OK,OK,OK,OK,OK,OK,OK,OK,OK,OK,OK,OK,OK,OK,OK,OK,NG,NG,NG,NG,NG,NG,NG,NG,NG,NG,NG,NG,NG,NG,NG,NG,NG,NG,NG,NG,NG,NG,NG,NG,NG,NG,NG,NG,NG,NG,NG,NG,NG,NG,NG,NG,NG,NG,NG,NG,NG,NG,NG,NG,NG,NG,NG,NG,NG,NG,NG,NG,NG,NG,NG,NG,NG,NG,NG,NG,NG,NG,NG,NG,NG,NG,NG,NG,NG,NG,NG,NG,NG,NG,NG,NG,NG,NG,NG,NG,NG,NG,NG,NG,NG,NG,NG,NG
3.00.099,OK,OK,OK,OK,OK,OK,NG,NG,NG,NG,NG,NG,NG,NG,NG,NG,NG,NG,NG,NG,NG,NG,NG,NG,NG,NG,NG,NG,NG,NG,NG,NG,NG,NG,NG,NG,NG,NG,NG,NG,NG,NG,NG,NG,NG,NG,NG,NG,NG,NG,NG,NG,NG,NG,NG,NG,NG,NG,NG,NG,NG,NG,NG,NG,NG,NG,NG,NG,NG,NG,NG,NG,NG,OK,OK,OK,OK,OK,OK,OK,OK,OK,OK,OK,NG,NG,NG,NG,NG,NG,NG,NG,NG,NG,NG,NG,NG,NG,NG,NG,NG,NG,NG,NG,NG,NG,NG,NG,NG,NG,NG,NG,OK,OK,OK,OK,OK,OK,OK,OK,OK,OK,OK,NG,NG,NG,NG,NG,NG,NG,NG,NG,NG,NG,NG,NG,NG,NG,NG,NG,NG,NG,NG,NG,NG,NG,NG,OK,OK,OK,OK,OK,OK,OK,OK,OK,OK,OK,OK,OK,OK,OK,OK,NG,NG,NG,NG,NG,NG,NG,NG,NG,NG,NG,NG,NG,NG,NG,NG,NG,NG,NG,NG,NG,NG,NG,NG,NG,NG,NG,NG,NG,NG,NG,NG,NG,NG,NG,NG,NG,NG,NG,NG,NG,NG,NG,NG,NG,NG,NG,NG,NG,NG,NG,NG,NG,NG,NG,NG,NG,NG,NG,NG,NG,NG,NG,NG,NG,NG,NG,NG,NG,NG,NG,NG,NG,NG,NG,NG,NG,NG,NG,NG,NG,NG,NG,NG,NG,NG,NG,NG
3.00.100,OK,OK,OK,OK,OK,OK,NG,NG,NG,NG,NG,NG,NG,NG,NG,NG,NG,NG,NG,NG,NG,NG,NG,NG,NG,NG,NG,NG,NG,NG,NG,NG,NG,NG,NG,NG,NG,NG,NG,NG,NG,NG,NG,NG,NG,NG,NG,NG,NG,NG,NG,NG,NG,NG,NG,NG,NG,NG,NG,NG,NG,NG,NG,NG,NG,NG,NG,NG,NG,NG,NG,NG,NG,OK,OK,OK,OK,OK,OK,OK,OK,OK,OK,OK,NG,NG,NG,NG,NG,NG,NG,NG,NG,NG,NG,NG,NG,NG,NG,NG,NG,NG,NG,NG,NG,NG,NG,NG,NG,NG,NG,NG,OK,OK,OK,OK,OK,OK,OK,OK,OK,OK,OK,OK,OK,OK,OK,OK,OK,OK,OK,OK,NG,NG,NG,NG,NG,NG,NG,NG,NG,NG,NG,NG,NG,NG,NG,OK,OK,OK,OK,OK,OK,OK,OK,OK,OK,OK,OK,OK,OK,OK,OK,NG,NG,NG,NG,NG,NG,NG,NG,NG,NG,NG,NG,NG,NG,NG,NG,NG,NG,NG,NG,NG,NG,NG,NG,NG,NG,NG,NG,NG,NG,NG,NG,NG,NG,NG,NG,NG,NG,NG,NG,NG,NG,NG,NG,NG,NG,NG,NG,NG,NG,NG,NG,NG,NG,NG,NG,NG,NG,NG,NG,NG,NG,NG,NG,NG,NG,NG,NG,NG,NG,NG,NG,NG,NG,NG,NG,NG,NG,NG,NG,NG,NG,NG,NG,NG,NG,NG,NG
3.00.101,OK,OK,OK,OK,OK,OK,OK,NG,NG,NG,NG,NG,NG,NG,NG,NG,NG,NG,NG,NG,NG,NG,NG,NG,NG,NG,NG,NG,NG,NG,NG,NG,NG,NG,NG,NG,NG,NG,NG,NG,NG,NG,NG,NG,NG,NG,NG,NG,NG,NG,NG,NG,NG,NG,NG,NG,NG,NG,NG,NG,NG,NG,NG,NG,NG,NG,NG,NG,NG,NG,NG,NG,NG,OK,OK,OK,OK,OK,OK,OK,OK,OK,OK,OK,NG,NG,NG,NG,NG,NG,NG,NG,NG,NG,NG,NG,NG,NG,NG,NG,NG,NG,NG,NG,NG,NG,NG,NG,NG,NG,NG,NG,OK,OK,OK,OK,OK,OK,OK,OK,OK,OK,OK,OK,OK,OK,OK,OK,OK,OK,OK,OK,NG,NG,NG,NG,NG,NG,NG,NG,NG,NG,NG,NG,NG,NG,NG,OK,OK,OK,OK,OK,OK,OK,OK,OK,OK,OK,OK,OK,OK,OK,OK,OK,OK,OK,OK,OK,OK,NG,NG,NG,NG,NG,NG,NG,NG,NG,NG,NG,NG,NG,NG,NG,NG,NG,NG,NG,NG,NG,NG,NG,NG,NG,NG,NG,NG,NG,NG,NG,NG,NG,NG,NG,NG,NG,NG,NG,NG,NG,NG,NG,NG,NG,NG,NG,NG,NG,NG,NG,NG,NG,NG,NG,NG,NG,NG,NG,NG,NG,NG,NG,NG,NG,NG,NG,NG,NG,NG,NG,NG,NG,NG,NG,NG,NG,NG,NG,NG,NG,NG
3.00.102,OK,OK,OK,OK,OK,OK,OK,NG,NG,NG,NG,NG,NG,NG,NG,NG,NG,NG,NG,NG,NG,NG,NG,NG,NG,NG,NG,NG,NG,NG,NG,NG,NG,NG,NG,NG,NG,NG,NG,NG,NG,NG,NG,NG,NG,NG,NG,NG,NG,NG,NG,NG,NG,NG,NG,NG,NG,NG,NG,NG,NG,NG,NG,NG,NG,NG,NG,NG,NG,NG,NG,NG,NG,OK,OK,OK,OK,OK,OK,OK,OK,OK,OK,OK,NG,NG,NG,NG,NG,NG,NG,NG,NG,NG,NG,NG,NG,NG,NG,NG,NG,NG,NG,NG,NG,NG,NG,NG,NG,NG,NG,NG,OK,OK,OK,OK,OK,OK,OK,OK,OK,OK,OK,OK,OK,OK,OK,OK,OK,OK,OK,OK,NG,NG,NG,NG,NG,NG,NG,NG,NG,NG,NG,NG,NG,NG,NG,OK,OK,OK,OK,OK,OK,OK,OK,OK,OK,OK,OK,OK,OK,OK,OK,OK,OK,OK,OK,OK,OK,NG,NG,NG,NG,NG,NG,NG,NG,NG,NG,NG,NG,NG,NG,NG,NG,NG,NG,NG,NG,NG,NG,NG,NG,NG,NG,NG,NG,NG,NG,NG,NG,NG,NG,NG,NG,NG,NG,NG,NG,NG,NG,NG,NG,NG,NG,NG,NG,NG,NG,NG,NG,NG,NG,NG,NG,NG,NG,NG,NG,NG,NG,NG,NG,NG,NG,NG,NG,NG,NG,NG,NG,NG,NG,NG,NG,NG,NG,NG,NG,NG,NG
3.00.103,OK,OK,OK,OK,OK,OK,OK,OK,OK,OK,OK,OK,NG,NG,NG,NG,NG,NG,NG,NG,NG,NG,NG,NG,NG,NG,NG,NG,NG,NG,NG,NG,NG,NG,NG,NG,NG,NG,NG,NG,NG,NG,NG,NG,NG,NG,NG,NG,NG,NG,NG,NG,NG,NG,NG,NG,NG,NG,NG,NG,NG,NG,NG,NG,NG,NG,NG,NG,NG,NG,NG,NG,NG,OK,OK,OK,OK,OK,OK,OK,OK,OK,OK,OK,NG,NG,NG,NG,NG,NG,NG,NG,NG,NG,NG,NG,NG,NG,NG,NG,NG,NG,NG,NG,NG,NG,NG,NG,NG,NG,NG,NG,OK,OK,OK,OK,OK,OK,OK,OK,OK,OK,OK,OK,OK,OK,OK,OK,OK,OK,OK,OK,NG,NG,NG,NG,NG,NG,NG,NG,NG,NG,NG,NG,NG,NG,NG,OK,OK,OK,OK,OK,OK,OK,OK,OK,OK,OK,OK,OK,OK,OK,OK,OK,OK,OK,OK,OK,OK,OK,OK,OK,OK,OK,OK,NG,NG,NG,NG,NG,NG,NG,NG,NG,NG,NG,NG,NG,NG,NG,NG,NG,NG,NG,NG,NG,NG,NG,NG,NG,NG,NG,NG,NG,NG,NG,NG,NG,NG,NG,NG,NG,NG,NG,NG,NG,NG,NG,NG,NG,NG,NG,NG,NG,NG,NG,NG,NG,NG,NG,NG,NG,NG,NG,NG,NG,NG,NG,NG,NG,NG,NG,NG,NG,NG,NG,NG,NG,NG,NG,NG
3.00.104,OK,OK,OK,OK,OK,OK,OK,OK,OK,OK,OK,OK,OK,OK,OK,OK,OK,OK,NG,NG,NG,NG,NG,NG,NG,NG,NG,NG,NG,NG,NG,NG,NG,NG,NG,NG,NG,NG,NG,NG,NG,NG,NG,NG,NG,NG,NG,NG,NG,NG,NG,NG,NG,NG,NG,NG,NG,NG,NG,NG,NG,NG,NG,NG,NG,NG,NG,NG,NG,NG,NG,NG,NG,OK,OK,OK,OK,OK,OK,OK,OK,OK,OK,OK,NG,NG,NG,NG,NG,NG,NG,NG,NG,NG,NG,NG,NG,NG,NG,NG,NG,NG,NG,NG,NG,NG,NG,NG,NG,NG,NG,NG,OK,OK,OK,OK,OK,OK,OK,OK,OK,OK,OK,OK,OK,OK,OK,OK,OK,OK,OK,OK,OK,OK,OK,OK,OK,NG,NG,NG,NG,NG,NG,NG,NG,NG,NG,OK,OK,OK,OK,OK,OK,OK,OK,OK,OK,OK,OK,OK,OK,OK,OK,OK,OK,OK,OK,OK,OK,OK,OK,OK,OK,OK,OK,NG,NG,NG,NG,NG,NG,NG,NG,NG,NG,NG,NG,NG,NG,NG,NG,NG,NG,NG,NG,NG,NG,NG,NG,NG,NG,NG,NG,NG,NG,NG,NG,NG,NG,NG,NG,NG,NG,NG,NG,NG,NG,NG,NG,NG,NG,NG,NG,NG,NG,NG,NG,NG,NG,NG,NG,NG,NG,NG,NG,NG,NG,NG,NG,NG,NG,NG,NG,NG,NG,NG,NG,NG,NG,NG,NG
3.00.105,OK,OK,OK,OK,OK,OK,OK,OK,OK,OK,OK,OK,OK,OK,OK,OK,OK,OK,NG,NG,NG,NG,NG,NG,NG,NG,NG,NG,NG,NG,NG,NG,NG,NG,NG,NG,NG,NG,NG,NG,NG,NG,NG,NG,NG,NG,NG,NG,NG,NG,NG,NG,NG,NG,NG,NG,NG,NG,NG,NG,NG,NG,NG,NG,NG,NG,NG,NG,NG,NG,NG,NG,NG,OK,OK,OK,OK,OK,OK,OK,OK,OK,OK,OK,NG,NG,NG,NG,NG,NG,NG,NG,NG,NG,NG,NG,NG,NG,NG,NG,NG,NG,NG,NG,NG,NG,NG,NG,NG,NG,NG,NG,OK,OK,OK,OK,OK,OK,OK,OK,OK,OK,OK,OK,OK,OK,OK,OK,OK,OK,OK,OK,OK,OK,OK,OK,OK,NG,NG,NG,NG,NG,NG,NG,NG,NG,NG,OK,OK,OK,OK,OK,OK,OK,OK,OK,OK,OK,OK,OK,OK,OK,OK,OK,OK,OK,OK,OK,OK,OK,OK,OK,OK,OK,OK,NG,NG,NG,NG,NG,NG,NG,NG,NG,NG,NG,NG,NG,NG,NG,NG,NG,NG,NG,NG,NG,NG,NG,NG,NG,NG,NG,NG,NG,NG,NG,NG,NG,NG,NG,NG,NG,NG,NG,NG,NG,NG,NG,NG,NG,NG,NG,NG,NG,NG,NG,NG,NG,NG,NG,NG,NG,NG,NG,NG,NG,NG,NG,NG,NG,NG,NG,NG,NG,NG,NG,NG,NG,NG,NG,NG
3.00.106,OK,OK,OK,OK,OK,OK,OK,OK,OK,OK,OK,OK,OK,OK,OK,OK,OK,OK,NG,NG,NG,NG,NG,NG,NG,NG,NG,NG,NG,NG,NG,NG,NG,NG,NG,NG,NG,NG,NG,NG,NG,NG,NG,NG,NG,NG,NG,NG,NG,NG,NG,NG,NG,NG,NG,NG,NG,NG,NG,NG,NG,NG,NG,NG,NG,NG,NG,NG,NG,NG,NG,NG,NG,OK,OK,OK,OK,OK,OK,OK,OK,OK,OK,OK,NG,NG,NG,NG,NG,NG,NG,NG,NG,NG,NG,NG,NG,NG,NG,NG,NG,NG,NG,NG,NG,NG,NG,NG,NG,NG,NG,NG,OK,OK,OK,OK,OK,OK,OK,OK,OK,OK,OK,OK,OK,OK,OK,OK,OK,OK,OK,OK,OK,OK,OK,OK,OK,NG,NG,NG,NG,NG,NG,NG,NG,NG,NG,OK,OK,OK,OK,OK,OK,OK,OK,OK,OK,OK,OK,OK,OK,OK,OK,OK,OK,OK,OK,OK,OK,OK,OK,OK,OK,OK,OK,OK,OK,OK,NG,NG,NG,NG,NG,NG,NG,NG,NG,NG,NG,NG,NG,NG,NG,NG,NG,NG,NG,NG,NG,NG,NG,NG,NG,NG,NG,NG,NG,NG,NG,NG,NG,NG,NG,NG,NG,NG,NG,NG,NG,NG,NG,NG,NG,NG,NG,NG,NG,NG,NG,NG,NG,NG,NG,NG,NG,NG,NG,NG,NG,NG,NG,NG,NG,NG,NG,NG,NG,NG,NG,NG,NG
3.00.107,OK,OK,OK,OK,OK,OK,OK,OK,OK,OK,OK,OK,OK,OK,OK,OK,OK,OK,NG,NG,NG,NG,NG,NG,NG,NG,NG,NG,NG,NG,NG,NG,NG,NG,NG,NG,NG,NG,NG,NG,NG,NG,NG,NG,NG,NG,NG,NG,NG,NG,NG,NG,NG,NG,NG,NG,NG,NG,NG,NG,NG,NG,NG,NG,NG,NG,NG,NG,NG,NG,NG,NG,NG,OK,OK,OK,OK,OK,OK,OK,OK,OK,OK,OK,NG,NG,NG,NG,NG,NG,NG,NG,NG,NG,NG,NG,NG,NG,NG,NG,NG,NG,NG,NG,NG,NG,NG,NG,NG,NG,NG,NG,OK,OK,OK,OK,OK,OK,OK,OK,OK,OK,OK,OK,OK,OK,OK,OK,OK,OK,OK,OK,OK,OK,OK,OK,OK,NG,NG,NG,NG,NG,NG,NG,NG,NG,NG,OK,OK,OK,OK,OK,OK,OK,OK,OK,OK,OK,OK,OK,OK,OK,OK,OK,OK,OK,OK,OK,OK,OK,OK,OK,OK,OK,OK,OK,OK,OK,NG,NG,NG,NG,NG,NG,NG,NG,NG,NG,NG,NG,NG,NG,NG,NG,NG,NG,NG,NG,NG,NG,NG,NG,NG,NG,NG,NG,NG,NG,NG,NG,NG,NG,NG,NG,NG,NG,NG,NG,NG,NG,NG,NG,NG,NG,NG,NG,NG,NG,NG,NG,NG,NG,NG,NG,NG,NG,NG,NG,NG,NG,NG,NG,NG,NG,NG,NG,NG,NG,NG,NG,NG
3.00.108,OK,OK,OK,OK,OK,OK,OK,OK,OK,OK,OK,OK,OK,OK,OK,OK,OK,OK,OK,OK,NG,NG,NG,NG,NG,NG,NG,NG,NG,NG,NG,NG,NG,NG,NG,NG,NG,NG,NG,NG,NG,NG,NG,NG,NG,NG,NG,NG,NG,NG,NG,NG,NG,NG,NG,NG,NG,NG,NG,NG,NG,NG,NG,NG,NG,NG,NG,NG,NG,NG,NG,NG,NG,OK,OK,OK,OK,OK,OK,OK,OK,OK,OK,OK,NG,NG,NG,NG,NG,NG,NG,NG,NG,NG,NG,NG,NG,NG,NG,NG,NG,NG,NG,NG,NG,NG,NG,NG,NG,NG,NG,NG,OK,OK,OK,OK,OK,OK,OK,OK,OK,OK,OK,OK,OK,OK,OK,OK,OK,OK,OK,OK,OK,OK,OK,OK,OK,OK,OK,OK,OK,OK,OK,NG,NG,NG,NG,OK,OK,OK,OK,OK,OK,OK,OK,OK,OK,OK,OK,OK,OK,OK,OK,OK,OK,OK,OK,OK,OK,OK,OK,OK,OK,OK,OK,OK,OK,OK,OK,OK,OK,OK,NG,NG,NG,NG,NG,NG,NG,NG,NG,NG,NG,NG,NG,NG,NG,NG,NG,NG,NG,NG,NG,NG,NG,NG,NG,NG,NG,NG,NG,NG,NG,NG,NG,NG,NG,NG,NG,NG,NG,NG,NG,NG,NG,NG,NG,NG,NG,NG,NG,NG,NG,NG,NG,NG,NG,NG,NG,NG,NG,NG,NG,NG,NG,NG,NG,NG,NG,NG,NG
3.00.109,OK,OK,OK,OK,OK,OK,OK,OK,OK,OK,OK,OK,OK,OK,OK,OK,OK,OK,OK,OK,NG,NG,NG,NG,NG,NG,NG,NG,NG,NG,NG,NG,NG,NG,NG,NG,NG,NG,NG,NG,NG,NG,NG,NG,NG,NG,NG,NG,NG,NG,NG,NG,NG,NG,NG,NG,NG,NG,NG,NG,NG,NG,NG,NG,NG,NG,NG,NG,NG,NG,NG,NG,NG,OK,OK,OK,OK,OK,OK,OK,OK,OK,OK,OK,NG,NG,NG,NG,NG,NG,NG,NG,NG,NG,NG,NG,NG,NG,NG,NG,NG,NG,NG,NG,NG,NG,NG,NG,NG,NG,NG,NG,OK,OK,OK,OK,OK,OK,OK,OK,OK,OK,OK,OK,OK,OK,OK,OK,OK,OK,OK,OK,OK,OK,OK,OK,OK,OK,OK,OK,OK,OK,OK,OK,NG,NG,NG,OK,OK,OK,OK,OK,OK,OK,OK,OK,OK,OK,OK,OK,OK,OK,OK,OK,OK,OK,OK,OK,OK,OK,OK,OK,OK,OK,OK,OK,OK,OK,OK,OK,OK,OK,OK,OK,NG,NG,OK,OK,NG,NG,NG,NG,NG,NG,NG,NG,NG,NG,NG,NG,NG,NG,NG,NG,NG,NG,NG,NG,NG,NG,NG,NG,NG,NG,NG,NG,NG,NG,NG,NG,NG,NG,NG,NG,NG,NG,NG,NG,NG,NG,NG,NG,NG,NG,NG,NG,NG,NG,NG,NG,NG,NG,NG,NG,NG,NG,NG,NG,NG,NG,NG
3.00.110,OK,OK,OK,OK,OK,OK,OK,OK,OK,OK,OK,OK,OK,OK,OK,OK,OK,OK,OK,OK,OK,OK,OK,NG,NG,NG,NG,NG,NG,NG,NG,NG,NG,NG,NG,NG,NG,NG,NG,NG,NG,NG,NG,NG,NG,NG,NG,NG,NG,NG,NG,NG,NG,NG,NG,NG,NG,NG,NG,NG,NG,NG,NG,NG,NG,NG,NG,NG,NG,NG,NG,NG,NG,OK,OK,OK,OK,OK,OK,OK,OK,OK,OK,OK,OK,OK,OK,NG,NG,NG,NG,NG,NG,NG,NG,NG,NG,NG,NG,NG,NG,NG,NG,NG,NG,NG,NG,NG,NG,NG,NG,NG,OK,OK,OK,OK,OK,OK,OK,OK,OK,OK,OK,OK,OK,OK,OK,OK,OK,OK,OK,OK,OK,OK,OK,OK,OK,OK,OK,OK,OK,OK,OK,OK,OK,OK,OK,OK,OK,OK,OK,OK,OK,OK,OK,OK,OK,OK,OK,OK,OK,OK,OK,OK,OK,OK,OK,OK,OK,OK,OK,OK,OK,OK,OK,OK,OK,OK,OK,OK,OK,OK,OK,OK,OK,OK,OK,OK,NG,NG,NG,NG,NG,NG,NG,NG,NG,NG,NG,NG,NG,NG,NG,NG,NG,NG,NG,NG,NG,NG,NG,NG,NG,NG,NG,NG,NG,NG,NG,NG,NG,NG,NG,NG,NG,NG,NG,NG,NG,NG,NG,NG,NG,NG,NG,NG,NG,NG,NG,NG,NG,NG,NG,NG,NG,NG,NG,NG,NG,NG,NG
3.00.111,OK,OK,OK,OK,OK,OK,OK,OK,OK,OK,OK,OK,OK,OK,OK,OK,OK,OK,OK,OK,OK,OK,OK,OK,NG,NG,NG,NG,NG,NG,NG,NG,NG,NG,NG,NG,NG,NG,NG,NG,NG,NG,NG,NG,NG,NG,NG,NG,NG,NG,NG,NG,NG,NG,NG,NG,NG,NG,NG,NG,NG,NG,NG,NG,NG,NG,NG,NG,NG,NG,NG,NG,NG,OK,OK,OK,OK,OK,OK,OK,OK,OK,OK,OK,OK,OK,OK,NG,NG,NG,NG,NG,NG,NG,NG,NG,NG,NG,NG,NG,NG,NG,NG,NG,NG,NG,NG,NG,NG,NG,NG,NG,OK,OK,OK,OK,OK,OK,OK,OK,OK,OK,OK,OK,OK,OK,OK,OK,OK,OK,OK,OK,OK,OK,OK,OK,OK,OK,OK,OK,OK,OK,OK,OK,OK,OK,OK,OK,OK,OK,OK,OK,OK,OK,OK,OK,OK,OK,OK,OK,OK,OK,OK,OK,OK,OK,OK,OK,OK,OK,OK,OK,OK,OK,OK,OK,OK,OK,OK,OK,OK,OK,OK,OK,OK,OK,OK,OK,OK,OK,OK,OK,NG,NG,NG,NG,NG,NG,NG,NG,NG,NG,NG,NG,NG,NG,NG,NG,NG,NG,NG,NG,NG,NG,NG,NG,NG,NG,NG,NG,NG,NG,NG,NG,NG,NG,NG,NG,NG,NG,NG,NG,NG,NG,NG,NG,NG,NG,NG,NG,NG,NG,NG,NG,NG,NG,NG,NG,NG,NG,NG
3.00.112,OK,OK,OK,OK,OK,OK,OK,OK,OK,OK,OK,OK,OK,OK,OK,OK,OK,OK,OK,OK,OK,OK,OK,OK,NG,NG,NG,NG,NG,NG,NG,NG,NG,NG,NG,NG,NG,NG,NG,NG,NG,NG,NG,NG,NG,NG,NG,NG,NG,NG,NG,NG,NG,NG,NG,NG,NG,NG,NG,NG,NG,NG,NG,NG,NG,NG,NG,NG,NG,NG,NG,NG,NG,OK,OK,OK,OK,OK,OK,OK,OK,OK,OK,OK,OK,OK,OK,NG,NG,NG,NG,NG,NG,NG,NG,NG,NG,NG,NG,NG,NG,NG,NG,NG,NG,NG,NG,NG,NG,NG,NG,NG,OK,OK,OK,OK,OK,OK,OK,OK,OK,OK,OK,OK,OK,OK,OK,OK,OK,OK,OK,OK,OK,OK,OK,OK,OK,OK,OK,OK,OK,OK,OK,OK,OK,OK,OK,OK,OK,OK,OK,OK,OK,OK,OK,OK,OK,OK,OK,OK,OK,OK,OK,OK,OK,OK,OK,OK,OK,OK,OK,OK,OK,OK,OK,OK,OK,OK,OK,OK,OK,OK,OK,OK,OK,OK,OK,OK,OK,OK,OK,OK,OK,OK,OK,OK,OK,OK,NG,NG,NG,NG,NG,NG,NG,NG,NG,NG,NG,NG,NG,NG,NG,NG,NG,NG,NG,NG,NG,NG,NG,NG,NG,NG,NG,NG,NG,NG,NG,NG,NG,NG,NG,NG,NG,NG,NG,NG,NG,NG,NG,NG,NG,NG,NG,NG,NG,NG,NG,NG,NG
3.00.113,OK,OK,OK,OK,OK,OK,OK,OK,OK,OK,OK,OK,OK,OK,OK,OK,OK,OK,OK,OK,OK,OK,OK,OK,OK,OK,OK,OK,OK,OK,OK,OK,OK,OK,OK,OK,OK,OK,OK,OK,NG,NG,NG,NG,NG,NG,NG,NG,NG,NG,NG,NG,NG,NG,NG,NG,NG,NG,NG,NG,NG,NG,NG,NG,NG,NG,NG,NG,NG,NG,NG,NG,NG,OK,OK,OK,OK,OK,OK,OK,OK,OK,OK,OK,OK,OK,OK,OK,OK,OK,OK,OK,OK,OK,OK,NG,NG,NG,NG,NG,NG,NG,NG,NG,NG,NG,NG,NG,NG,NG,NG,NG,OK,OK,OK,OK,OK,OK,OK,OK,OK,OK,OK,OK,OK,OK,OK,OK,OK,OK,OK,OK,OK,OK,OK,OK,OK,OK,OK,OK,OK,OK,OK,OK,OK,OK,OK,OK,OK,OK,OK,OK,OK,OK,OK,OK,OK,OK,OK,OK,OK,OK,OK,OK,OK,OK,OK,OK,OK,OK,OK,OK,OK,OK,OK,OK,OK,OK,OK,OK,OK,OK,OK,OK,OK,OK,OK,OK,OK,OK,OK,OK,OK,OK,OK,OK,OK,OK,NG,NG,NG,NG,NG,NG,NG,NG,NG,NG,NG,NG,NG,NG,NG,NG,NG,NG,NG,NG,NG,NG,NG,NG,NG,NG,NG,NG,NG,NG,NG,NG,NG,NG,NG,NG,NG,NG,NG,NG,NG,NG,NG,NG,NG,NG,NG,NG,NG,NG,NG,NG,NG
3.00.114,OK,OK,OK,OK,OK,OK,OK,OK,OK,OK,OK,OK,OK,OK,OK,OK,OK,OK,OK,OK,OK,OK,OK,OK,OK,OK,OK,OK,OK,OK,OK,OK,OK,OK,OK,OK,OK,OK,OK,OK,OK,OK,OK,OK,OK,NG,NG,NG,NG,NG,NG,NG,NG,NG,NG,NG,NG,NG,NG,NG,NG,NG,NG,NG,NG,NG,NG,NG,NG,NG,NG,NG,NG,OK,OK,OK,OK,OK,OK,OK,OK,OK,OK,OK,OK,OK,OK,OK,OK,OK,OK,OK,OK,OK,OK,NG,NG,NG,NG,NG,NG,NG,NG,NG,NG,NG,NG,NG,NG,NG,NG,NG,OK,OK,OK,OK,OK,OK,OK,OK,OK,OK,OK,OK,OK,OK,OK,OK,OK,OK,OK,OK,OK,OK,OK,OK,OK,OK,OK,OK,OK,OK,OK,OK,OK,OK,OK,OK,OK,OK,OK,OK,OK,OK,OK,OK,OK,OK,OK,OK,OK,OK,OK,OK,OK,OK,OK,OK,OK,OK,OK,OK,OK,OK,OK,OK,OK,OK,OK,OK,OK,OK,OK,OK,OK,OK,OK,OK,OK,OK,OK,OK,OK,OK,OK,OK,OK,OK,OK,OK,OK,OK,OK,OK,NG,NG,NG,NG,NG,NG,NG,NG,NG,NG,NG,NG,NG,NG,NG,NG,NG,NG,NG,NG,NG,NG,NG,NG,NG,NG,NG,NG,NG,NG,NG,NG,NG,NG,NG,NG,NG,NG,NG,NG,NG,NG,NG,NG,NG,NG,NG
3.00.115,OK,OK,OK,OK,OK,OK,OK,OK,OK,OK,OK,OK,OK,OK,OK,OK,OK,OK,OK,OK,OK,OK,OK,OK,OK,OK,OK,OK,OK,OK,OK,OK,OK,OK,OK,OK,OK,OK,OK,OK,OK,OK,OK,OK,OK,NG,NG,NG,NG,NG,NG,NG,NG,NG,NG,NG,NG,NG,NG,NG,NG,NG,NG,NG,NG,NG,NG,NG,NG,NG,NG,NG,NG,OK,OK,OK,OK,OK,OK,OK,OK,OK,OK,OK,OK,OK,OK,OK,OK,OK,OK,OK,OK,OK,OK,NG,NG,NG,NG,NG,NG,NG,NG,NG,NG,NG,NG,NG,NG,NG,NG,NG,OK,OK,OK,OK,OK,OK,OK,OK,OK,OK,OK,OK,OK,OK,OK,OK,OK,OK,OK,OK,OK,OK,OK,OK,OK,OK,OK,OK,OK,OK,OK,OK,OK,OK,OK,OK,OK,OK,OK,OK,OK,OK,OK,OK,OK,OK,OK,OK,OK,OK,OK,OK,OK,OK,OK,OK,OK,OK,OK,OK,OK,OK,OK,OK,OK,OK,OK,OK,OK,OK,OK,OK,OK,OK,OK,OK,OK,OK,OK,OK,OK,OK,OK,OK,OK,OK,OK,OK,OK,OK,OK,OK,NG,NG,NG,NG,NG,NG,NG,NG,NG,NG,NG,NG,NG,NG,NG,NG,NG,NG,NG,NG,NG,NG,NG,NG,NG,NG,NG,NG,NG,NG,NG,NG,NG,NG,NG,NG,NG,NG,NG,NG,NG,NG,NG,NG,NG,NG,NG
3.00.116,OK,OK,OK,OK,OK,OK,OK,OK,OK,OK,OK,OK,OK,OK,OK,OK,OK,OK,OK,OK,OK,OK,OK,OK,OK,OK,OK,OK,OK,OK,OK,OK,OK,OK,OK,OK,OK,OK,OK,OK,OK,OK,OK,OK,OK,NG,NG,NG,NG,NG,NG,NG,NG,NG,NG,NG,NG,NG,NG,NG,NG,NG,NG,NG,NG,NG,NG,NG,NG,NG,NG,NG,NG,OK,OK,OK,OK,OK,OK,OK,OK,OK,OK,OK,OK,OK,OK,OK,OK,OK,OK,OK,OK,OK,OK,NG,NG,NG,NG,NG,NG,NG,NG,NG,NG,NG,NG,NG,NG,NG,NG,NG,OK,OK,OK,OK,OK,OK,OK,OK,OK,OK,OK,OK,OK,OK,OK,OK,OK,OK,OK,OK,OK,OK,OK,OK,OK,OK,OK,OK,OK,OK,OK,OK,OK,OK,OK,OK,OK,OK,OK,OK,OK,OK,OK,OK,OK,OK,OK,OK,OK,OK,OK,OK,OK,OK,OK,OK,OK,OK,OK,OK,OK,OK,OK,OK,OK,OK,OK,OK,OK,OK,OK,OK,OK,OK,OK,OK,OK,OK,OK,OK,OK,OK,OK,OK,OK,OK,OK,OK,OK,OK,OK,OK,NG,NG,NG,NG,NG,NG,NG,NG,NG,NG,NG,NG,NG,NG,NG,NG,NG,NG,NG,NG,NG,NG,NG,NG,NG,NG,NG,NG,NG,NG,NG,NG,NG,NG,NG,NG,NG,NG,NG,NG,NG,NG,NG,NG,NG,NG,NG
3.00.117,OK,OK,OK,OK,OK,OK,OK,OK,OK,OK,OK,OK,OK,OK,OK,OK,OK,OK,OK,OK,OK,OK,OK,OK,OK,OK,OK,OK,OK,OK,OK,OK,OK,OK,OK,OK,OK,OK,OK,OK,OK,OK,OK,OK,OK,OK,OK,OK,OK,OK,NG,NG,NG,NG,NG,NG,NG,NG,NG,NG,NG,NG,NG,NG,NG,NG,NG,NG,NG,NG,NG,NG,NG,OK,OK,OK,OK,OK,OK,OK,OK,OK,OK,OK,OK,OK,OK,OK,OK,OK,OK,OK,OK,OK,OK,NG,NG,NG,NG,NG,NG,NG,NG,NG,NG,NG,NG,NG,NG,NG,NG,NG,OK,OK,OK,OK,OK,OK,OK,OK,OK,OK,OK,OK,OK,OK,OK,OK,OK,OK,OK,OK,OK,OK,OK,OK,OK,OK,OK,OK,OK,OK,OK,OK,OK,OK,OK,OK,OK,OK,OK,OK,OK,OK,OK,OK,OK,OK,OK,OK,OK,OK,OK,OK,OK,OK,OK,OK,OK,OK,OK,OK,OK,OK,OK,OK,OK,OK,OK,OK,OK,OK,OK,OK,OK,OK,OK,OK,OK,OK,OK,OK,OK,OK,OK,OK,OK,OK,OK,OK,OK,OK,OK,OK,OK,OK,OK,OK,OK,OK,OK,NG,NG,NG,NG,NG,NG,NG,NG,NG,NG,NG,NG,NG,NG,NG,NG,NG,NG,NG,NG,NG,NG,NG,NG,NG,NG,NG,NG,NG,NG,NG,NG,NG,NG,NG,NG,NG,NG,NG,NG
3.00.118,OK,OK,OK,OK,OK,OK,OK,OK,OK,OK,OK,OK,OK,OK,OK,OK,OK,OK,OK,OK,OK,OK,OK,OK,OK,OK,OK,OK,OK,OK,OK,OK,OK,OK,OK,OK,OK,OK,OK,OK,OK,OK,OK,OK,OK,OK,OK,OK,OK,OK,OK,OK,OK,OK,NG,NG,NG,NG,NG,NG,NG,NG,NG,NG,NG,NG,NG,NG,NG,NG,NG,NG,NG,OK,OK,OK,OK,OK,OK,OK,OK,OK,OK,OK,OK,OK,OK,OK,OK,OK,OK,OK,OK,OK,OK,NG,NG,NG,NG,NG,NG,NG,NG,NG,NG,NG,NG,NG,NG,NG,NG,NG,OK,OK,OK,OK,OK,OK,OK,OK,OK,OK,OK,OK,OK,OK,OK,OK,OK,OK,OK,OK,OK,OK,OK,OK,OK,OK,OK,OK,OK,OK,OK,OK,OK,OK,OK,OK,OK,OK,OK,OK,OK,OK,OK,OK,OK,OK,OK,OK,OK,OK,OK,OK,OK,OK,OK,OK,OK,OK,OK,OK,OK,OK,OK,OK,OK,OK,OK,OK,OK,OK,OK,OK,OK,OK,OK,OK,OK,OK,OK,OK,OK,OK,OK,OK,OK,OK,OK,OK,OK,OK,OK,OK,OK,OK,OK,OK,OK,OK,OK,OK,OK,OK,OK,NG,NG,NG,NG,NG,NG,NG,NG,NG,NG,NG,NG,NG,NG,NG,NG,NG,NG,NG,NG,NG,NG,NG,NG,NG,NG,NG,NG,NG,NG,NG,NG,NG,NG,NG,NG
3.00.119,OK,OK,OK,OK,OK,OK,OK,OK,OK,OK,OK,OK,OK,OK,OK,OK,OK,OK,OK,OK,OK,OK,OK,OK,OK,OK,OK,OK,OK,OK,OK,OK,OK,OK,OK,OK,OK,OK,OK,OK,OK,OK,OK,OK,OK,OK,OK,OK,OK,OK,OK,OK,OK,OK,NG,NG,NG,NG,NG,NG,NG,NG,NG,NG,NG,NG,NG,NG,NG,NG,NG,NG,NG,OK,OK,OK,OK,OK,OK,OK,OK,OK,OK,OK,OK,OK,OK,OK,OK,OK,OK,OK,OK,OK,OK,NG,NG,NG,NG,NG,NG,NG,NG,NG,NG,NG,NG,NG,NG,NG,NG,NG,OK,OK,OK,OK,OK,OK,OK,OK,OK,OK,OK,OK,OK,OK,OK,OK,OK,OK,OK,OK,OK,OK,OK,OK,OK,OK,OK,OK,OK,OK,OK,OK,OK,OK,OK,OK,OK,OK,OK,OK,OK,OK,OK,OK,OK,OK,OK,OK,OK,OK,OK,OK,OK,OK,OK,OK,OK,OK,OK,OK,OK,OK,OK,OK,OK,OK,OK,OK,OK,OK,OK,OK,OK,OK,OK,OK,OK,OK,OK,OK,OK,OK,OK,OK,OK,OK,OK,OK,OK,OK,OK,OK,OK,OK,OK,OK,OK,OK,OK,OK,OK,OK,OK,NG,NG,NG,NG,NG,NG,NG,NG,NG,NG,NG,NG,NG,NG,NG,NG,NG,NG,NG,NG,NG,NG,NG,NG,NG,NG,NG,NG,NG,NG,NG,NG,NG,NG,NG,NG
3.00.120,OK,OK,OK,OK,OK,OK,OK,OK,OK,OK,OK,OK,OK,OK,OK,OK,OK,OK,OK,OK,OK,OK,OK,OK,OK,OK,OK,OK,OK,OK,OK,OK,OK,OK,OK,OK,OK,OK,OK,OK,OK,OK,OK,OK,OK,OK,OK,OK,OK,OK,OK,OK,OK,OK,OK,NG,NG,NG,NG,NG,NG,NG,NG,NG,NG,NG,NG,NG,NG,NG,NG,NG,NG,OK,OK,OK,OK,OK,OK,OK,OK,OK,OK,OK,OK,OK,OK,OK,OK,OK,OK,OK,OK,OK,OK,NG,NG,NG,NG,NG,NG,NG,NG,NG,NG,NG,NG,NG,NG,NG,NG,NG,OK,OK,OK,OK,OK,OK,OK,OK,OK,OK,OK,OK,OK,OK,OK,OK,OK,OK,OK,OK,OK,OK,OK,OK,OK,OK,OK,OK,OK,OK,OK,OK,OK,OK,OK,OK,OK,OK,OK,OK,OK,OK,OK,OK,OK,OK,OK,OK,OK,OK,OK,OK,OK,OK,OK,OK,OK,OK,OK,OK,OK,OK,OK,OK,OK,OK,OK,OK,OK,OK,OK,OK,OK,OK,OK,OK,OK,OK,OK,OK,OK,OK,OK,OK,OK,OK,OK,OK,OK,OK,OK,OK,OK,OK,OK,OK,OK,OK,OK,OK,OK,OK,OK,OK,NG,NG,OK,OK,NG,NG,NG,NG,NG,NG,NG,NG,NG,NG,NG,NG,NG,NG,NG,NG,NG,NG,NG,NG,NG,NG,NG,NG,NG,NG,NG,NG,NG,NG,NG
3.00.121,OK,OK,OK,OK,OK,OK,OK,OK,OK,OK,OK,OK,OK,OK,OK,OK,OK,OK,OK,OK,OK,OK,OK,OK,OK,OK,OK,OK,OK,OK,OK,OK,OK,OK,OK,OK,OK,OK,OK,OK,OK,OK,OK,OK,OK,OK,OK,OK,OK,OK,OK,OK,OK,OK,OK,OK,OK,OK,NG,NG,NG,NG,NG,NG,NG,NG,NG,NG,NG,NG,NG,NG,NG,OK,OK,OK,OK,OK,OK,OK,OK,OK,OK,OK,OK,OK,OK,OK,OK,OK,OK,OK,OK,OK,OK,OK,OK,OK,OK,OK,OK,OK,OK,OK,OK,OK,OK,OK,OK,OK,OK,OK,OK,OK,OK,OK,OK,OK,OK,OK,OK,OK,OK,OK,OK,OK,OK,OK,OK,OK,OK,OK,OK,OK,OK,OK,OK,OK,OK,OK,OK,OK,OK,OK,OK,OK,OK,OK,OK,OK,OK,OK,OK,OK,OK,OK,OK,OK,OK,OK,OK,OK,OK,OK,OK,OK,OK,OK,OK,OK,OK,OK,OK,OK,OK,OK,OK,OK,OK,OK,OK,OK,OK,OK,OK,OK,OK,OK,OK,OK,OK,OK,OK,OK,OK,OK,OK,OK,OK,OK,OK,OK,OK,OK,OK,OK,OK,OK,OK,OK,OK,OK,OK,OK,OK,OK,OK,OK,OK,OK,OK,NG,NG,NG,NG,NG,NG,NG,NG,NG,NG,NG,NG,NG,NG,NG,NG,NG,NG,NG,NG,NG,NG,NG,NG,NG,NG,NG,NG,NG,NG
3.00.122,OK,OK,OK,OK,OK,OK,OK,OK,OK,OK,OK,OK,OK,OK,OK,OK,OK,OK,OK,OK,OK,OK,OK,OK,OK,OK,OK,OK,OK,OK,OK,OK,OK,OK,OK,OK,OK,OK,OK,OK,OK,OK,OK,OK,OK,OK,OK,OK,OK,OK,OK,OK,OK,OK,OK,OK,OK,OK,OK,OK,OK,OK,OK,OK,OK,OK,OK,OK,OK,OK,OK,OK,OK,OK,OK,OK,OK,OK,OK,OK,OK,OK,OK,OK,OK,OK,OK,OK,OK,OK,OK,OK,OK,OK,OK,OK,OK,OK,OK,OK,OK,OK,OK,OK,OK,OK,OK,OK,OK,OK,OK,OK,OK,OK,OK,OK,OK,OK,OK,OK,OK,OK,OK,OK,OK,OK,OK,OK,OK,OK,OK,OK,OK,OK,OK,OK,OK,OK,OK,OK,OK,OK,OK,OK,OK,OK,OK,OK,OK,OK,OK,OK,OK,OK,OK,OK,OK,OK,OK,OK,OK,OK,OK,OK,OK,OK,OK,OK,OK,OK,OK,OK,OK,OK,OK,OK,OK,OK,OK,OK,OK,OK,OK,OK,OK,OK,OK,OK,OK,OK,OK,OK,OK,OK,OK,OK,OK,OK,OK,OK,OK,OK,OK,OK,OK,OK,OK,OK,OK,OK,OK,OK,OK,OK,OK,OK,OK,OK,OK,OK,OK,OK,OK,OK,OK,OK,OK,OK,OK,OK,OK,OK,OK,OK,OK,OK,OK,OK,NG,NG,NG,NG,NG,NG,NG,NG,NG,NG,NG,NG,NG
3.00.123,OK,OK,OK,OK,OK,OK,OK,OK,OK,OK,OK,OK,OK,OK,OK,OK,OK,OK,OK,OK,OK,OK,OK,OK,OK,OK,OK,OK,OK,OK,OK,OK,OK,OK,OK,OK,OK,OK,OK,OK,OK,OK,OK,OK,OK,OK,OK,OK,OK,OK,OK,OK,OK,OK,OK,OK,OK,OK,OK,OK,OK,OK,OK,OK,OK,OK,OK,OK,OK,OK,OK,OK,OK,OK,OK,OK,OK,OK,OK,OK,OK,OK,OK,OK,OK,OK,OK,OK,OK,OK,OK,OK,OK,OK,OK,OK,OK,OK,OK,OK,OK,OK,OK,OK,OK,OK,OK,OK,OK,OK,OK,OK,OK,OK,OK,OK,OK,OK,OK,OK,OK,OK,OK,OK,OK,OK,OK,OK,OK,OK,OK,OK,OK,OK,OK,OK,OK,OK,OK,OK,OK,OK,OK,OK,OK,OK,OK,OK,OK,OK,OK,OK,OK,OK,OK,OK,OK,OK,OK,OK,OK,OK,OK,OK,OK,OK,OK,OK,OK,OK,OK,OK,OK,OK,OK,OK,OK,OK,OK,OK,OK,OK,OK,OK,OK,OK,OK,OK,OK,OK,OK,OK,OK,OK,OK,OK,OK,OK,OK,OK,OK,OK,OK,OK,OK,OK,OK,OK,OK,OK,OK,OK,OK,OK,OK,OK,OK,OK,OK,OK,OK,OK,OK,OK,OK,OK,OK,OK,OK,OK,OK,OK,OK,OK,OK,OK,OK,OK,NG,NG,NG,NG,NG,NG,NG,NG,NG,NG,NG,NG,NG
3.00.124,OK,OK,OK,OK,OK,OK,OK,OK,OK,OK,OK,OK,OK,OK,OK,OK,OK,OK,OK,OK,OK,OK,OK,OK,OK,OK,OK,OK,OK,OK,OK,OK,OK,OK,OK,OK,OK,OK,OK,OK,OK,OK,OK,OK,OK,OK,OK,OK,OK,OK,OK,OK,OK,OK,OK,OK,OK,OK,OK,OK,OK,OK,OK,OK,OK,OK,OK,OK,OK,OK,OK,OK,OK,OK,OK,OK,OK,OK,OK,OK,OK,OK,OK,OK,OK,OK,OK,OK,OK,OK,OK,OK,OK,OK,OK,OK,OK,OK,OK,OK,OK,OK,OK,OK,OK,OK,OK,OK,OK,OK,OK,OK,OK,OK,OK,OK,OK,OK,OK,OK,OK,OK,OK,OK,OK,OK,OK,OK,OK,OK,OK,OK,OK,OK,OK,OK,OK,OK,OK,OK,OK,OK,OK,OK,OK,OK,OK,OK,OK,OK,OK,OK,OK,OK,OK,OK,OK,OK,OK,OK,OK,OK,OK,OK,OK,OK,OK,OK,OK,OK,OK,OK,OK,OK,OK,OK,OK,OK,OK,OK,OK,OK,OK,OK,OK,OK,OK,OK,OK,OK,OK,OK,OK,OK,OK,OK,OK,OK,OK,OK,OK,OK,OK,OK,OK,OK,OK,OK,OK,OK,OK,OK,OK,OK,OK,OK,OK,OK,OK,OK,OK,OK,OK,OK,OK,OK,OK,OK,OK,OK,OK,OK,OK,OK,OK,OK,OK,OK,OK,NG,NG,NG,NG,NG,OK,NG,NG,NG,NG,NG,NG
3.00.125,OK,OK,OK,OK,OK,OK,OK,OK,OK,OK,OK,OK,OK,OK,OK,OK,OK,OK,OK,OK,OK,OK,OK,OK,OK,OK,OK,OK,OK,OK,OK,OK,OK,OK,OK,OK,OK,OK,OK,OK,OK,OK,OK,OK,OK,OK,OK,OK,OK,OK,OK,OK,OK,OK,OK,OK,OK,OK,OK,OK,OK,OK,OK,OK,OK,OK,OK,OK,OK,OK,OK,OK,OK,OK,OK,OK,OK,OK,OK,OK,OK,OK,OK,OK,OK,OK,OK,OK,OK,OK,OK,OK,OK,OK,OK,OK,OK,OK,OK,OK,OK,OK,OK,OK,OK,OK,OK,OK,OK,OK,OK,OK,OK,OK,OK,OK,OK,OK,OK,OK,OK,OK,OK,OK,OK,OK,OK,OK,OK,OK,OK,OK,OK,OK,OK,OK,OK,OK,OK,OK,OK,OK,OK,OK,OK,OK,OK,OK,OK,OK,OK,OK,OK,OK,OK,OK,OK,OK,OK,OK,OK,OK,OK,OK,OK,OK,OK,OK,OK,OK,OK,OK,OK,OK,OK,OK,OK,OK,OK,OK,OK,OK,OK,OK,OK,OK,OK,OK,OK,OK,OK,OK,OK,OK,OK,OK,OK,OK,OK,OK,OK,OK,OK,OK,OK,OK,OK,OK,OK,OK,OK,OK,OK,OK,OK,OK,OK,OK,OK,OK,OK,OK,OK,OK,OK,OK,OK,OK,OK,OK,OK,OK,OK,OK,OK,OK,OK,OK,OK,OK,NG,NG,NG,NG,OK,OK,NG,NG,NG,NG,NG
3.00.126,OK,OK,OK,OK,OK,OK,OK,OK,OK,OK,OK,OK,OK,OK,OK,OK,OK,OK,OK,OK,OK,OK,OK,OK,OK,OK,OK,OK,OK,OK,OK,OK,OK,OK,OK,OK,OK,OK,OK,OK,OK,OK,OK,OK,OK,OK,OK,OK,OK,OK,OK,OK,OK,OK,OK,OK,OK,OK,OK,OK,OK,OK,OK,OK,OK,OK,OK,OK,OK,OK,OK,OK,OK,OK,OK,OK,OK,OK,OK,OK,OK,OK,OK,OK,OK,OK,OK,OK,OK,OK,OK,OK,OK,OK,OK,OK,OK,OK,OK,OK,OK,OK,OK,OK,OK,OK,OK,OK,OK,OK,OK,OK,OK,OK,OK,OK,OK,OK,OK,OK,OK,OK,OK,OK,OK,OK,OK,OK,OK,OK,OK,OK,OK,OK,OK,OK,OK,OK,OK,OK,OK,OK,OK,OK,OK,OK,OK,OK,OK,OK,OK,OK,OK,OK,OK,OK,OK,OK,OK,OK,OK,OK,OK,OK,OK,OK,OK,OK,OK,OK,OK,OK,OK,OK,OK,OK,OK,OK,OK,OK,OK,OK,OK,OK,OK,OK,OK,OK,OK,OK,OK,OK,OK,OK,OK,OK,OK,OK,OK,OK,OK,OK,OK,OK,OK,OK,OK,OK,OK,OK,OK,OK,OK,OK,OK,OK,OK,OK,OK,OK,OK,OK,OK,OK,OK,OK,OK,OK,OK,OK,OK,OK,OK,OK,OK,OK,OK,OK,OK,OK,OK,NG,NG,NG,OK,OK,OK,NG,NG,NG,NG
3.00.127,OK,OK,OK,OK,OK,OK,OK,OK,OK,OK,OK,OK,OK,OK,OK,OK,OK,OK,OK,OK,OK,OK,OK,OK,OK,OK,OK,OK,OK,OK,OK,OK,OK,OK,OK,OK,OK,OK,OK,OK,OK,OK,OK,OK,OK,OK,OK,OK,OK,OK,OK,OK,OK,OK,OK,OK,OK,OK,OK,OK,OK,OK,OK,OK,OK,OK,OK,OK,OK,OK,OK,OK,OK,OK,OK,OK,OK,OK,OK,OK,OK,OK,OK,OK,OK,OK,OK,OK,OK,OK,OK,OK,OK,OK,OK,OK,OK,OK,OK,OK,OK,OK,OK,OK,OK,OK,OK,OK,OK,OK,OK,OK,OK,OK,OK,OK,OK,OK,OK,OK,OK,OK,OK,OK,OK,OK,OK,OK,OK,OK,OK,OK,OK,OK,OK,OK,OK,OK,OK,OK,OK,OK,OK,OK,OK,OK,OK,OK,OK,OK,OK,OK,OK,OK,OK,OK,OK,OK,OK,OK,OK,OK,OK,OK,OK,OK,OK,OK,OK,OK,OK,OK,OK,OK,OK,OK,OK,OK,OK,OK,OK,OK,OK,OK,OK,OK,OK,OK,OK,OK,OK,OK,OK,OK,OK,OK,OK,OK,OK,OK,OK,OK,OK,OK,OK,OK,OK,OK,OK,OK,OK,OK,OK,OK,OK,OK,OK,OK,OK,OK,OK,OK,OK,OK,OK,OK,OK,OK,OK,OK,OK,OK,OK,OK,OK,OK,OK,OK,OK,OK,OK,OK,NG,NG,OK,OK,OK,OK,NG,NG,NG
3.00.128,OK,OK,OK,OK,OK,OK,OK,OK,OK,OK,OK,OK,OK,OK,OK,OK,OK,OK,OK,OK,OK,OK,OK,OK,OK,OK,OK,OK,OK,OK,OK,OK,OK,OK,OK,OK,OK,OK,OK,OK,OK,OK,OK,OK,OK,OK,OK,OK,OK,OK,OK,OK,OK,OK,OK,OK,OK,OK,OK,OK,OK,OK,OK,OK,OK,OK,OK,OK,OK,OK,OK,OK,OK,OK,OK,OK,OK,OK,OK,OK,OK,OK,OK,OK,OK,OK,OK,OK,OK,OK,OK,OK,OK,OK,OK,OK,OK,OK,OK,OK,OK,OK,OK,OK,OK,OK,OK,OK,OK,OK,OK,OK,OK,OK,OK,OK,OK,OK,OK,OK,OK,OK,OK,OK,OK,OK,OK,OK,OK,OK,OK,OK,OK,OK,OK,OK,OK,OK,OK,OK,OK,OK,OK,OK,OK,OK,OK,OK,OK,OK,OK,OK,OK,OK,OK,OK,OK,OK,OK,OK,OK,OK,OK,OK,OK,OK,OK,OK,OK,OK,OK,OK,OK,OK,OK,OK,OK,OK,OK,OK,OK,OK,OK,OK,OK,OK,OK,OK,OK,OK,OK,OK,OK,OK,OK,OK,OK,OK,OK,OK,OK,OK,OK,OK,OK,OK,OK,OK,OK,OK,OK,OK,OK,OK,OK,OK,OK,OK,OK,OK,OK,OK,OK,OK,OK,OK,OK,OK,OK,OK,OK,OK,OK,OK,OK,OK,OK,OK,OK,OK,OK,OK,NG,NG,OK,OK,OK,OK,NG,NG,NG
3.00.129,OK,OK,OK,OK,OK,OK,OK,OK,OK,OK,OK,OK,OK,OK,OK,OK,OK,OK,OK,OK,OK,OK,OK,OK,OK,OK,OK,OK,OK,OK,OK,OK,OK,OK,OK,OK,OK,OK,OK,OK,OK,OK,OK,OK,OK,OK,OK,OK,OK,OK,OK,OK,OK,OK,OK,OK,OK,OK,OK,OK,OK,OK,OK,OK,OK,OK,OK,OK,OK,OK,OK,OK,OK,OK,OK,OK,OK,OK,OK,OK,OK,OK,OK,OK,OK,OK,OK,OK,OK,OK,OK,OK,OK,OK,OK,OK,OK,OK,OK,OK,OK,OK,OK,OK,OK,OK,OK,OK,OK,OK,OK,OK,OK,OK,OK,OK,OK,OK,OK,OK,OK,OK,OK,OK,OK,OK,OK,OK,OK,OK,OK,OK,OK,OK,OK,OK,OK,OK,OK,OK,OK,OK,OK,OK,OK,OK,OK,OK,OK,OK,OK,OK,OK,OK,OK,OK,OK,OK,OK,OK,OK,OK,OK,OK,OK,OK,OK,OK,OK,OK,OK,OK,OK,OK,OK,OK,OK,OK,OK,OK,OK,OK,OK,OK,OK,OK,OK,OK,OK,OK,OK,OK,OK,OK,OK,OK,OK,OK,OK,OK,OK,OK,OK,OK,OK,OK,OK,OK,OK,OK,OK,OK,OK,OK,OK,OK,OK,OK,OK,OK,OK,OK,OK,OK,OK,OK,OK,OK,OK,OK,OK,OK,OK,OK,OK,OK,OK,OK,OK,OK,OK,OK,OK,OK,OK,OK,OK,OK,OK,OK,NG
